Site,Precipitation,Mean_temperature,Maximum_VPD,Elevation
Alma,749.173,1.056018519,0.798183333,3350
Cameron pass,1054.5572,1.153240741,0.814525,3100
Empire,910.5138,0.896759259,0.6792,3000
Grant,413.4866,2.8375,1.026183333,2950
Rabbit ears,762.2794,3.601388889,1.134233333,2800
